,alpha,avgS(r_squared),avgS(r_squared_bm),avgS(t-stat),avgT(abs(ret)),avgT(r_squared),avgT(r_squared_bm),avgT(ret),sharpe(ret_cs),t-stat(abs(ret_cs)),t-stat(ret_cs),t-stat-alpha
Sales_To_Assets_Growth_3Y,0.0001623676016036,0.3027637914260125,0.3005439510614006,-0.2167839040313977,0.0033250893673713,0.0668752475034766,0.0571790917517075,-9.24833341119924e-05,-0.0709146676855593,13.175815336102737,-0.2482013368994576,0.091497929964541
Retained_Earnings_To_Assets,0.0027863418699179,0.3061924854283483,0.3005439510614006,-0.0315335165430599,0.0061549363254037,0.0582604701687508,0.0571790917517075,-5.039367684391575e-05,-0.0205488707583983,12.743894938356677,-0.0719210476543943,1.4308278573074056
Qraft_Earnings_To_Market_Value,0.0046833455763118,0.3072038880175702,0.3005439510614006,0.2264458830882858,0.0074522190904962,0.060062415978046,0.057179089988119,-0.0005520603975334,-0.1898144087872896,13.282056840381076,-0.6643504307555136,1.4773189319275135
Qraft_Operating_Leverage,0.0006119329921781,0.3047029452769635,0.3005439510614006,0.0382771545581003,0.0047395711321416,0.0597927762205224,0.057179089988119,0.0012849463318235,0.7144459663335196,13.543060231027358,2.5005608821673184,0.3919837854806758
Qraft_Cash_Ratio,-0.0008150028780221,0.3075276741581736,0.3005439510614006,-0.4698615728936571,0.0055723354328729,0.0598900781774639,0.057179089988119,0.000751822255803,0.3447928730870284,13.107030632051687,1.206775055804599,-0.4505665911859506
Dividend_Coverage,-0.000754150165094,0.3037405861949908,0.3005439510614006,-0.1456199534046591,0.0040490279434566,0.1214753408089361,0.0571790917517075,-0.0005551457025493,-0.3310897186641909,11.685107893647208,-1.1588140153246682,-0.3086722663870828
Unlevered_Cashflow_To_EV,0.0023911611990552,0.3032915379951086,0.3005439510614006,0.0827057971265311,0.0055372044545178,0.0618183063544294,0.0571790917517075,0.0008505868615927,0.3842287386159903,12.494440053626176,1.3448005851559663,0.8756114852087189
Corporate_Investment_Growth,-0.0007503803090437,0.3022054682329594,0.3005439510614006,0.0834315932126792,0.0026476540492204,0.0666314267711012,0.0571790917517075,-0.0003676354055284,-0.3766580929380347,15.037565987541283,-1.318303325283122,-0.4054603560300854
Qraft_Advertising_Expense_To_Market_Value,0.0028764688816513,0.301291110290905,0.3005439510614006,0.0619197769590746,0.0047260583235173,0.0543417484477368,0.057179089988119,-0.0002513453695522,-0.1481115134252686,16.34801451729555,-0.5183902969884402,1.065503826403467
Cash_To_Assets_Change,-0.0043468484401075,0.3028282044592617,0.3005439510614006,-0.1757834370846456,0.0021883053520097,0.0571690714011468,0.0571790917517075,-0.000576618769063,-0.7088907287499795,14.21551382240432,-2.481117550624928,-2.6042728170907927
Dollar_Trading_Volume,-1.5880177347573385e-05,0.3075565458499381,0.3005439510614006,0.0060376950802596,0.0121308509788531,0.0584005365556183,0.0571790917517075,0.0010003252291878,0.1902417598258931,10.795240673950945,0.6658461593906259,-0.0062910081394091
Share_Turnover_Volatility,-0.0013084410401613,0.3111958183952296,0.3005439510614006,-0.3495418623992204,0.0065898434746667,0.0651272480135215,0.0571790917517075,-0.0002539405675565,-0.0932506418582495,11.82811059145147,-0.3263772465038735,-0.373642657131173
EV_To_EBIT,-0.0031972180342689,0.3041281813461371,0.3005439510614006,-0.0137766674299655,0.0060799705965446,0.0887841040241309,0.0571790917517075,0.0001200844510833,0.0537876510581347,15.417598078280008,0.1882567787034716,-1.6134271865654353
Sales_To_Inventory,-0.0020389520047839,0.3029863759565243,0.3005439510614006,0.0165406430752866,0.0036738791808663,0.0646248514781816,0.0571790917517075,-0.0003559471665396,-0.2537663627992041,13.920721957441769,-0.8881822697972146,-1.1267200665668844
PEGY,-0.0018798510079912,0.3014194473578553,0.3005439510614006,0.0091460841032869,0.0027584249888107,0.1383320705936372,0.0571790917517075,0.0001602604872802,0.1585696056587397,15.46937333326197,0.5549936198055889,-1.108780563270016
Excess_Market_Return,-0.0011723078817429,0.303344445058981,0.3005439510614006,-0.0571612627410136,0.0062712727387889,0.0591977144091224,0.0571790917517075,-0.0010216381096732,-0.4133698922320397,12.849746269023528,-1.4467946228121389,-0.3916008797268055
Sector_Neutral_Growth,0.0001556748774521,0.3025567084240951,0.3005439510614006,0.0936955115979526,0.0029048181651143,0.0668410599933561,0.0571790917517075,-5.007857272611852e-05,-0.0449742960445357,13.87507769069994,-0.1574100361558752,0.0900144033419427
GM_Signal,-0.0006783748741223,0.3030042429890928,0.3005439510614006,-0.0168635896335416,0.0029058581779484,0.0684374567524747,0.0571790917517075,-0.0002073234126886,-0.1954462027409448,15.59814934351748,-0.6840617095933073,-0.4142179555864526
Dollar_Trading_Volume_Growth_6M,0.0016504723145557,0.3044805616235785,0.3005439510614006,-0.2666008754856918,0.0049984097281729,0.0582243196487291,0.0571790917517075,9.779558321104636e-05,0.0410166063564976,9.215719757235505,0.1435581222477417,0.4729037564453975
Ben_Graham_Value_Score,0.0010402679175789,0.3052117645751664,0.3005439510614006,-0.1493227985911079,0.0035283644229474,0.0575189882626999,0.0571790917517075,0.0003472053145159,0.2659257771534896,15.005350632034029,0.9307402200372136,0.6686188869246859
Asset_Illiquidity_2,-0.0003125547050248,0.3050245004441131,0.3005439510614006,0.4277058677857886,0.0066862176903691,0.0582701664926355,0.0571790917517075,-0.0010003177602649,-0.3877519313175008,13.48131265036752,-1.3571317596112529,-0.1401818804829319
Payout_Yield_Cashflow,0.0030405359974769,0.3014849278938386,0.3005439510614006,0.0641251234506756,0.0037718609533261,0.0577083555235244,0.0571790917517075,0.0004241874526466,0.3022611884438885,14.769959031452432,1.05791415955361,1.05781014651287
Momentum_6M,0.0093596395584072,0.3010945856212982,0.3005439510614006,-0.1849096946200384,0.0076543261553512,0.0585378194124737,0.0571790917517075,0.0012274196499162,0.4287103657270307,14.44382425374166,1.5004862800446073,3.219607895611128
Acceleration_6M,0.0050366458986434,0.3027261748910411,0.3005439510614006,-0.0840496982096737,0.0048615941237453,0.0579908158730016,0.0571790917517075,0.0010505091928537,0.5649319546185956,13.535870594040489,1.9772618411650844,1.7889325987946505
Qraft_Size,-0.0042855596908603,0.3096683071075216,0.3005439510614006,-0.0140602099906399,0.0080572680475756,0.0578305389434882,0.057179089988119,-0.0001904108543292,-0.0636495261975957,14.983202097602655,-0.2227733416915852,-1.0607084421044126
Qraft_RnD_To_Assets,-0.000809227914836,0.3033422471689849,0.3005439510614006,-0.3219542329408524,0.0082186888266572,0.0491885214303995,0.057179089988119,0.0025677656866463,0.8400175503698796,13.929410396397934,2.940061426294579,-0.4041628963176673
Return_On_Net_Operating_Assets,0.0021232529326973,0.3055442240003905,0.3005439510614006,0.2474303314164924,0.0038077161169064,0.0864662484643903,0.057179089988119,0.0006161652336611,0.4253128024584225,13.877449578416408,1.488594808604479,1.0961220324764431
Tax_Expense_Change,0.0005236023624841,0.3014627756815075,0.3005439510614006,-0.1775861173031915,,,0.0571790917517075,,,,,0.4974032576746661
ROA_Growth_5Y,0.0009560740154873,0.3075264661555069,0.3005439510614006,0.0779635756258074,0.0032153185275708,0.0674515636528823,0.0571790917517075,-1.0455149693853324e-05,-0.0084039769107199,13.585213625167366,-0.0294139191875196,0.4614104546931017
Cashflow_To_Price,0.00423495108642,0.3055305966292684,0.3005439510614006,0.1370495747977002,0.0074915437313334,0.0581387481670159,0.0571790917517075,-0.0006127587445853,-0.2066777375584151,12.87976742375898,-0.7233720814544529,1.3078485185592428
Piotroski_Fscore,0.0031958323532433,0.3068477576174173,0.3005439510614006,0.1191650947195243,0.004008160095932,0.0576166610020135,0.0571790917517075,6.171453294725044e-05,0.0394643275719072,13.33319314109132,0.1381251465016755,1.3515002576152622
Noncurrent_Operating_Assets_Change,-0.0016837929419136,0.301313318420802,0.3005439510614006,0.0206249144649136,0.0039601887026724,0.0562481485165492,0.0571790917517075,0.0003728288842319,0.248455722031691,14.17297534911324,0.8695950271109186,-0.9288864796093292
Net_Debt_Finance,0.0026103491387773,0.303515935792169,0.3005439510614006,0.054897948005531,0.0023826400544136,0.0568985382204737,0.0571790917517075,0.0003116779734417,0.3341413466152375,13.102569026838417,1.1694947131533315,1.6001097720434323
Qraft_Asset_Turnover,0.0052333344656206,0.3041646724246106,0.3005439510614006,0.3585772294659752,0.0031953345914998,0.0574598885470372,0.057179089988119,0.0007811434740906,0.678051606753796,15.402678485163312,2.3731806236382864,2.8568476598258035
Gross_Profit_Margin,-0.001309611931255,0.3012232208833674,0.3005439510614006,-0.009721544111378,0.0044534337245438,0.0609746904293318,0.0571790917517075,-0.000149003320758,-0.0916279751938047,15.63755948519962,-0.3206979131783166,-0.8018993537513338
Cashflow_Volatility,-0.0004885129906416,0.3029945749422532,0.3005439510614006,-0.0586776401398746,0.003919567938082,0.1098309401429508,0.0571790917517075,-0.0005974698343192,-0.4137896069994206,15.01881040167402,-1.4482636244979723,-0.3086129188137421
Net_External_Finance,-0.001938707465155,0.3074272213507914,0.3005439510614006,-0.0277912221281914,0.0043543321487352,0.0579700621767991,0.0571790917517075,-0.0003019348690142,-0.1683879566258833,11.890588988005552,-0.5893578481905919,-1.0728132951941491
Interest_Coverage,0.0036362772501801,0.3076355047527705,0.3005439510614006,0.2151904163907404,0.0045831927246352,0.0614283737580051,0.0571790917517075,-9.958277369849963e-06,-0.0050342105506761,10.908327273701335,-0.0176197369273666,1.56432297693617
CMA,-0.0018949064280162,0.3013459656735327,0.3005439510614006,-0.0447246501231403,0.0023221202633417,0.0568594577246808,0.0571790917517075,-0.0005075139154138,-0.5214394549003907,11.277083190500962,-1.8250380921513676,-1.2368574259598464
Cash_To_Price,-0.000150446982073,0.3044733520887776,0.3005439510614006,-0.2055583420762894,0.0054826040806389,0.0582246078923061,0.0571790917517075,0.000300204806271,0.1398324938682207,13.204921272309615,0.4894137285387724,-0.0759163066779803
Current_Operating_Assets_Change,-0.0014067382091082,0.3022725418113361,0.3005439510614006,-0.0718859555837952,0.0035753131498004,0.0577299612907527,0.0571790917517075,0.0002868704729769,0.2230595646851957,16.21456969795402,0.7807084763981852,-0.6655531773639832
Outstanding_Shares_Log_Change_5Y,-0.0039048472021307,0.3051667868621194,0.3005439510614006,-0.0558633302158438,0.0048630287644254,0.0668768377179775,0.0571790917517075,-0.0013002711996358,-0.7020767103490293,13.45523206997298,-2.4572684862216025,-2.2467032243926823
Ken_Fisher_Growth_Score,0.0038437528433101,0.3069224160666188,0.3005439510614006,0.2034714759451765,0.0039211978915379,0.0577663053042907,0.0571790917517075,0.000187983844077,0.1189749167680905,12.434879412679637,0.4164122086883168,1.6565041981741004
OIBDP_Liabilities,0.005696106555277,0.306413795355076,0.3005439510614006,0.0991231758543162,0.0062303517169721,0.0593206487627275,0.0571790917517075,-3.68815161883343e-05,-0.0144513675920648,12.043013972437253,-0.0505797865722269,2.0297431885233213
Momentum,0.0025081780686928,0.3015749157906346,0.3005439510614006,-0.1241102969532774,0.0071613686757582,0.0622638313684632,0.0571790917517075,0.0002249155564181,0.0808323608071122,13.450211054106932,0.282913262824893,1.2386194703219169
Cashflow_To_Debt,0.005696106555277,0.306413795355076,0.3005439510614006,0.0991231758543162,0.0062303517169721,0.0593206487627275,0.0571790917517075,-3.68815161883343e-05,-0.0144513675920648,12.043013972437253,-0.0505797865722269,2.0297431885233213
Value,0.0041953052955176,0.3038018553690164,0.3005439510614006,0.3148718697253346,0.0077805911875398,0.0587158646156759,0.0571790917517075,-0.0004604136535675,-0.161800439429227,15.54189750145187,-0.5663015380022948,1.776619113075612
Momentum_36M,0.0047120515966561,0.3063514743827027,0.3005439510614006,-0.0849447004425273,0.0071752562610875,0.0635200501551735,0.0571790917517075,0.0006471387946557,0.2224602015796943,12.24406496721326,0.77861070552893,1.5617001121614038
Asset_Illiquidity_EV,-0.0022918670979583,0.3019225333174113,0.3005439510614006,0.0674592334509022,0.0056656897793599,0.0595365311003115,0.0571790917517075,-0.0003853298201534,-0.1723305961036182,12.971455724332232,-0.6031570863626641,-1.125893799377179
SMB,0.0031583097103123,0.309717164824958,0.3005439510614006,0.016718023035977,0.0080572910105221,0.0578305444681437,0.0571790917517075,0.0001902851608821,0.0636075104943804,14.983318703974431,0.2226262867303315,0.7789606604338791
Sales_To_Receivables,0.003651948971017,0.3038417511683067,0.3005439510614006,0.1290533887328144,0.0042069538491875,0.0611945673025281,0.0571790917517075,0.0007790995865065,0.5241608850393704,16.61862064744139,1.834563097637797,2.278214869268038
Noncurrent_Operating_Liabilities_Change,-0.0007838008213918,0.3010577278972327,0.3005439510614006,0.0659757291916185,0.0026215925163808,0.0576738601458643,0.0571790917517075,0.0002186405913474,0.2258307500353723,15.11335468543228,0.7904076251238031,-0.4945535624083087
Working_Capital_Accruals,0.0036754544214304,0.3011268341496707,0.3005439510614006,-0.0153434465833661,0.0035248302692976,0.0578848991256329,0.0571790917517075,1.7710053268166867e-05,0.01353811084126,15.005480592758754,0.04738338794441,1.6817469808564407
RnD_To_Price,0.005916680397975,0.3013850152845186,0.3005439510614006,0.0060073103330013,0.0082155001578915,0.045522700086639,0.0571790917517075,0.0019082869981852,0.651253774220283,15.913680224793302,2.2793882097709903,1.6045779770659143
Payout_Ratio,0.0015113470942925,0.3053781121427347,0.3005439510614006,0.082994632585794,0.002976339289072,0.0570284334137075,0.0571790917517075,0.0001047002203607,0.0942155116557083,14.766870228743423,0.329754290794979,1.1892718381829437
Quick_Ratio,-0.0045671456939443,0.3024686452784551,0.3005439510614006,-0.2596796037364883,0.0044350357377104,0.0574215331276898,0.0571790917517075,-0.0001172425085306,-0.0665853767029698,12.836159891563929,-0.2330488184603945,-2.283871801974547
Operating_Income_To_Sales_0,0.0039665998996614,0.3066663449988143,0.3005439510614006,0.3022654467204564,0.0060487666497948,0.0612568516347696,0.0571790917517075,-0.0007546032152154,-0.3196024076594433,13.197868952895078,-1.118608426808052,1.4791167115523385
Dollar_Trading_Volume_Growth_3M,-0.0003536789993584,0.3042556587302473,0.3005439510614006,-0.2766001451355339,0.0042438242507633,0.0578204292305964,0.0571790917517075,-0.0001229108948953,-0.0671189597855507,10.909050135063495,-0.2349163592494277,-0.1259714675125127
Equity_Issuance_Yield,-0.004777762368907,0.3038705994475106,0.3005439510614006,0.0379888923036451,0.0029059211201812,0.0573828111257734,0.0571790917517075,-8.052986429520981e-05,-0.0756175789562574,15.4924419220644,-0.2646615263469011,-2.154804955763386
Quick_Ratio_Growth,-0.0018952018861384,0.3021356554057813,0.3005439510614006,-0.0508693814251735,0.0023081408212597,0.0571289705112543,0.0571790917517075,-0.0001434384644753,-0.1665166945458613,14.754772152336049,-0.5828084309105147,-1.0984501034046186
Assets_Growth_5Y,-0.0017742230956133,0.3003182136398403,0.3005439510614006,-0.088225507413308,0.0041055238506774,0.0665234567936838,0.0571790917517075,-0.0004280582053335,-0.2800013323418795,14.759702624093544,-0.9800046631965786,-1.085941639233821
Dividend_To_Price,-0.002030659223569,0.3041947048866343,0.3005439510614006,0.1093923854158236,0.0062015089873087,0.1463191909800235,0.0571790917517075,-0.0013832603715444,-0.6131113082215226,15.179290557341416,-2.1458895787753294,-0.8221934236113019
Fixed_Assets_Turnover,0.0011233061047033,0.3043284823431055,0.3005439510614006,0.1700708037297585,0.0031829523443719,0.0598335912431322,0.0571790917517075,0.0001543025383346,0.1300673052739245,14.819649862933607,0.455235568458736,0.6768534785877642
Free_Cash_Flow_To_Assets,0.008018875118635,0.3064249939804935,0.3005439510614006,0.123484800336724,0.0073092749319129,0.0596994932799134,0.0571790917517075,-0.0001240759440956,-0.0412051713677947,11.906772279332795,-0.1442180997872815,2.7521308897154184
Shareholder_Equity_Change,-0.003357468409099,0.3004000452177482,0.3005439510614006,0.0142067384248967,0.0045974247727475,0.0578124474552636,0.0571790917517075,-0.0014102330171786,-0.7356483672329075,11.159147722723246,-2.5747692853151767,-2.1732059715848018
Debt_To_Price,-0.0008149084562776,0.3038827411570576,0.3005439510614006,0.2273214024125004,0.0074578567479269,0.0580386433288549,0.0571790917517075,0.0006043211556791,0.1981529817439185,12.044585728056353,0.6935354361037147,-0.3894328205748561
Long_Term_NOA_Change_0,-0.0008488060730463,0.3035798001469185,0.3005439510614006,-0.1884768434628853,0.0019764755590638,0.0564479971435257,0.0571790917517075,0.0002143595913003,0.2890330308341155,14.477078934235996,1.0116156079194043,-0.854471595500272
Market_Value_Growth_3Y,0.0008204530615521,0.3025417902576177,0.3005439510614006,-0.075746532103097,0.0065260468945071,0.0636024319152728,0.0571790917517075,-0.0008102554043803,-0.3077220264047901,12.317475855453347,-1.0770270924167655,0.3122960450273722
Debt_To_Current_Assets,0.0029593386857094,0.3032830706276512,0.3005439510614006,0.1933183365200987,0.0045084998201607,0.0576056719183034,0.0571790917517075,-0.0006235713675829,-0.3635029915556954,13.940421751731966,-1.272260470444934,1.360295885756706
Current_Ratio_Growth_1Y,-0.0030413271737915,0.3019328469236973,0.3005439510614006,-0.0425331490622711,0.002293740076327,0.0574806260075189,0.0571790917517075,-0.0001487929605174,-0.1735529467393408,14.695706428570931,-0.6074353135876929,-1.6556734415631786
Aiden_Alpha_3,0.0058031768839119,0.3042335060402574,0.3005439510614006,0.1605943642449533,0.0066127986958275,0.0709327631113199,0.0571790917517075,0.0017552913175294,0.7343270290649636,15.17442804901584,2.570144601727373,2.680181219724284
Net_Equity_Finance,-0.0020990487754539,0.3080054905981997,0.3005439510614006,-0.0809012044649396,0.0039806089876533,0.0581689116384191,0.0571790917517075,-0.0005949483655101,-0.3750503543248717,12.585438469166233,-1.312676240137051,-1.0143764108540418
Qraft_Book_To_Market,0.002374039754889,0.3014937788156724,0.3005439510614006,0.0373621316240785,0.003948098551612,0.0568594715284219,0.057179089988119,0.0007074217670261,0.4426041700156013,12.131795478246142,1.5491145950546046,1.1885729559766345
Cashflow_To_Assets,0.0022439364029999,0.3077346396263566,0.3005439510614006,0.0750983117281828,0.0083446513930309,0.0590192753047062,0.0571790917517075,-0.0003908584733786,-0.11434944729604,12.030757162681528,-0.4002230655361402,0.8726732677319553
Aiden_Value_Quality,0.0030422454947893,0.3074554103556973,0.3005439510614006,0.2883696620261579,0.0065920998951808,0.0618211147265345,0.0571790917517075,0.0009847537415463,0.4002127628357242,14.55175422932209,1.4007446699250348,1.242766598676662
Long_Term_NOA_Change,-0.0006598491486061,0.3006085076492766,0.3005439510614006,-0.1055330197731136,0.0030990457597591,0.0567929119738171,0.0571790917517075,0.0001388824332599,0.11260120945785,12.76038140395589,0.3941042331024754,-0.4483897516571152
Earnings_To_Price,0.0025974809056216,0.3054532744143621,0.3005439510614006,0.1606983254637129,0.0078925963007395,0.0592465230446749,0.0571790917517075,-0.0006231957244521,-0.2150674751908383,15.351934562617094,-0.7527361631679341,0.7686584822835664
Depreciation_Ratio_Net,-0.0005489852879693,0.3018268446519335,0.3005439510614006,0.1904379915262891,0.00299217189545,0.0567291929731637,0.0571790917517075,-0.0003490700449646,-0.3266751520936827,16.43844332114821,-1.1433630323278896,-0.3467238024199324
Short_Term_Reversal,-8.825113610862753e-05,0.3027704355414251,0.3005439510614006,0.1109865158939777,0.0067334847288122,0.0594570367821085,0.0571790917517075,0.0012083621225982,0.4117964044124904,10.588523665830664,1.4412874154437163,-0.0277766526241698
Depreciation_Ratio_Net_Growth,-0.0016333074833818,0.3014603368832295,0.3005439510614006,0.1890511804100376,0.0026981319265313,0.0570200529951452,0.0571790917517075,-5.495189634969519e-05,-0.0563568006529483,16.09264524077097,-0.1972488022853193,-0.923710271157456
Outstanding_Shares_Log_Change_1Y,-0.003237541997302,0.3070751609546236,0.3005439510614006,0.0543152369392197,0.0042042197248932,0.0576566706720893,0.0571790917517075,-0.0006304974477285,-0.3766656251215001,12.608148222504884,-1.3183296879252506,-1.7630445043589325
CFO_To_Price,-0.0031291297911739,0.3051332940604411,0.3005439510614006,0.0380829651524442,0.0073114225542909,0.0587509078275589,0.0571790917517075,-0.0009376893783308,-0.3175346137974308,12.285113219979754,-1.1113711482910078,-0.8832888310579812
Accrual_Volatility,-0.0024911451972771,0.3070221233453098,0.3005439510614006,-0.1874242735138816,0.0049305654686463,0.0696104206062089,0.0571790917517075,-0.0008791304383167,-0.481620006304937,14.7410709747703,-1.6856700220672796,-1.0096702714186627
Pretax_Profit_Margin,0.0028562200738274,0.3079793070716943,0.3005439510614006,0.1913882572912599,0.0058249309406299,0.0614382856217835,0.0571790917517075,-0.0002376685565348,-0.0993275384409789,11.966448351934488,-0.3476463845434264,1.0472333283747723
Dollar_Trading_Volume_Volatility_1Y,-0.0074980516310083,0.307291925834701,0.3005439510614006,-0.167398835007183,0.0101173543889149,0.0612316924908211,0.0571790917517075,-0.0043093777482013,-1.0408342362802998,11.10951915826002,-3.6429198269810494,-4.525794617028398
Qraft_Momentum_1Y,0.0055809988434552,0.3020509135388341,0.3005439510614006,-0.116901016905028,0.0185497768991131,0.0584470612710814,0.057179089988119,-0.0028750703535458,-0.411064328870928,14.190181232798349,-1.4387251510482482,2.2540115145398705
Earnings_Growth_1Y,-0.0014410232572316,0.3030218467231431,0.3005439510614006,0.1587748809011508,0.002887892476626,0.0572572120790419,0.0571790917517075,-0.0006640647059237,-0.6248017592180602,14.721806758257506,-2.1868061572632107,-0.8400840225185839
Current_Ratio_Growth_5Y,-0.0010371380919389,0.3028237590698215,0.3005439510614006,-0.1812336085099184,0.0031840324888937,0.0675519593949887,0.0571790917517075,-0.0003578553101019,-0.2925359539002264,13.69399669176791,-1.023875838650793,-0.4761072338897934
Earnings_Growth_5Y,0.0021337808085857,0.3046108720071909,0.3005439510614006,-0.0081190461594124,0.0031874286509507,0.067406301702364,0.0571790917517075,-4.058066629446244e-06,-0.0032724174977542,13.41893806823796,-0.0114534612421399,1.0517106432218597
Assets_Growth_1Y,-0.0018949064280162,0.3013459656735327,0.3005439510614006,-0.0447246501231403,0.0023218106553347,0.0568594578776025,0.0571790917517075,-0.0005075450527122,-0.5216093214895569,11.27968774004122,-1.8256326252134487,-1.2368574259598464
Close_Price,0.0045369661799,0.3084991089565265,0.3005439510614006,0.0292485957611208,0.0048245561973239,0.0569002816982515,0.0571790917517075,0.0002493093241965,0.1262690979495423,12.049553110086062,0.4419418428233981,1.2073888684024965
Employee_Growth,-0.0018816044021821,0.3014796189390342,0.3005439510614006,-0.2750674934563902,0.003533862940736,0.0594335705353357,0.0571790917517075,-0.0002109623890417,-0.1601962377723952,14.812317691594542,-0.5606868322033834,-1.1743787958309966
Cashflow_To_EV,0.0060587990513199,0.3070739030068993,0.3005439510614006,0.1118902420639214,0.008719411896507,0.0624703246071983,0.0571790917517075,-9.888767086979104e-05,-0.0306009096833458,15.05723027966411,-0.1071031838917105,2.014402818720473
Net_Income_Growth_3Y,0.0014832994529618,0.3046506282116868,0.3005439510614006,0.1447648412612529,0.0031701695174147,0.0635481199993098,0.0571790917517075,0.0001582373983327,0.1355445629525312,15.277657786456846,0.4744059703338594,0.8196842967055591
Earnings_Growth_3Y,0.0017205684194132,0.3049750477998394,0.3005439510614006,0.1002109476895238,0.0031984446161203,0.0635456808242116,0.0571790917517075,0.0001755435341349,0.1481635810865781,15.042802866120129,0.5185725338030237,0.9062881766082412
Net_Noncurrent_Operating_Assets_Change,-0.0027573245940518,0.3010948345935001,0.3005439510614006,-0.0100664029155121,0.0036988380328018,0.0562246227355994,0.0571790917517075,-7.503597496273545e-05,-0.0521781199430005,13.43581298526197,-0.1826234198005017,-1.513896396741311
Sales_Growth_3Y,-0.0013738878850897,0.3029778198396047,0.3005439510614006,-0.130469212250809,0.0048612530406819,0.0671534438602767,0.0571790917517075,-0.0006154630323521,-0.3339249383423779,14.084414940208625,-1.168737284198323,-0.6650519466947052
Earnings_Volatility_5Y,0.0001625709251168,0.3038358937688755,0.3005439510614006,-0.1152632179857607,0.0055830232644226,0.0700479096451801,0.0571790917517075,0.0003359652012085,0.156327335261336,13.71283090323536,0.5471456734146761,0.1136440094376883
Earnings_Surprise_1,-5.02529489462126e-05,0.3047344569377703,0.3005439510614006,-0.2751507090395399,0.0021229248857347,0.061842799860659,0.0571790917517075,-2.609346152630174e-05,-0.0300367199061876,12.066756923566258,-0.1051285196716568,-0.0353535058136323
Capital_Expenditures_To_Assets,0.0005133386305674,0.3024251167164736,0.3005439510614006,-0.2232615139221643,0.0038228546203679,0.059054628646226,0.0571790917517075,-0.0004707865801622,-0.3389693744069486,15.664426763756852,-1.1863928104243202,0.3357377010353975
EV_To_EBITDA,-0.0030883313096768,0.3032345838595845,0.3005439510614006,-0.0060521842015777,0.0069274816061591,0.0850994478808043,0.0571790917517075,0.0001837318390329,0.0712151529405976,14.866819951896446,0.2492530352920917,-1.46791279130713
David_Dreman_Contrarian_Score,0.002227870552527,0.3021285280817238,0.3005439510614006,0.1263125886454869,0.0038209086760104,0.0577300307483518,0.0571790917517075,-0.0002776520188835,-0.1936760273805007,14.548165839697448,-0.6778660958317525,1.1193883992718294
Sector_Neutral_Quality,0.0018351037628727,0.3081733589920624,0.3005439510614006,0.1631585598518808,0.0057108192086532,0.0587716862902629,0.0571790917517075,0.0014367768337205,0.6662733559189153,13.77830909710528,2.331956745716204,0.778736638901962
Net_Operating_Assets,-0.0042319241106028,0.3036450425433739,0.3005439510614006,0.1845550735106773,0.0044236518371618,0.0564759249664286,0.0571790917517075,-0.0012351963062741,-0.8111236036830389,17.14600469916402,-2.8389326128906367,-2.4142490757751327
Organizational_Capital_To_Assets,-0.0016497159855954,0.3033517161687376,0.3005439510614006,-0.2697841108892314,0.0065734673785456,0.0602883219148264,0.0571790917517075,0.0014806683019543,0.5688504776416038,12.557063249721542,1.9909766717456137,-0.7098315433434794
Leverage,-9.73249658815466e-05,0.3028148329701778,0.3005439510614006,0.0654018666583441,0.0043440204279993,0.0636080325912394,0.0571790917517075,0.000393356977746,0.2261536120438968,12.558749887786702,0.7915376421536389,-0.0594245934522636
ROA_Growth_1Y,-0.002369650328125,0.3047735386712986,0.3005439510614006,0.2176442811044184,0.0028459245731791,0.0573524998798937,0.0571790917517075,-0.0008082630171173,-0.7721039658882008,14.447125103395829,-2.702363880608703,-1.3953121329376863
EBIT_To_Assets,0.0020979021828118,0.3085101118620439,0.3005439510614006,0.0870718011299012,0.0079616701584441,0.0588361603828584,0.0571790917517075,-0.000238901116869,-0.0735718696509253,12.14248673089632,-0.2575015437782388,0.7495701026355033
Enterprise_Book_To_Price,0.0020010578339864,0.3021434470616419,0.3005439510614006,0.2024034854972928,0.0094218406255049,0.0585554509942439,0.0571790917517075,-0.0021279023005947,-0.5928462336511696,13.619181461030747,-2.0749618177790943,1.1754353805426556
Sales_Growth_Volatility_5Y,-0.0013312489010856,0.306769690573586,0.3005439510614006,-0.2476710540017919,0.0043850357594886,0.0772375250599594,0.0571790917517075,-0.0005537450633775,-0.3417044153738789,14.982610169154343,-1.1959654538085764,-0.7748562704321287
OIBDP_Margin,0.0032106657352401,0.3057634301578252,0.3005439510614006,0.2749071283316882,0.0061406499330406,0.0613257255263899,0.0571790917517075,-0.0010090032984846,-0.4378944811339628,14.321972785786969,-1.5326306839688704,1.239268586041683
ROA_Growth_3Y,0.0011538578964605,0.3034475585850815,0.3005439510614006,0.1722190808332832,0.0030129746093649,0.0635046023941312,0.0571790917517075,0.0001069852790118,0.0946396818015611,14.590696164075638,0.3312388863054639,0.7034902740489554
Qraft_ROE,0.0023348406973051,0.3046860948711021,0.3005439510614006,0.0690022796597422,0.0059016838485937,0.0576964318486686,0.057179089988119,-7.958996259162872e-05,-0.0322887939317172,11.594245518243444,-0.1130107787610102,1.353759661366938
Percent_Operating_Accruals,-0.0036087561538123,0.3015023926544705,0.3005439510614006,-0.1141870539364881,0.0025963498315868,0.0572575324808446,0.0571790917517075,-0.0005600277539951,-0.6073748887630114,16.202597568577044,-2.12581211067054,-2.4309902128159693
Cash_Ratio,-0.0050010290365372,0.3033769826671173,0.3005439510614006,-0.3146136238963896,0.0048260152786507,0.0579023559989689,0.057179089988119,9.794902365646132e-05,0.051647163854879,13.123224166746027,0.1807650734920765,-2.4799197019589863
Qraft_Residual_Momentum_12_1,-0.0028657472153054,0.3019134398089208,0.3005439510614006,-0.1713730746218129,0.0054577676102168,0.0588562731250183,0.057179089988119,-0.0010727856576594,-0.5054368220066667,13.12374027154132,-1.7690288770233338,-1.059408024798815
Long_Term_Reversal,-0.0054753965492335,0.3074470138838076,0.3005439510614006,0.1104219182188735,0.0073633266832621,0.06348142394969,0.0571790917517075,-0.0002161068574289,-0.0731090981920899,12.540509514152744,-0.2558818436723149,-1.780850583766349
Corporate_Investment,-0.000948066282055,0.3047857959246977,0.3005439510614006,-0.2837592923246939,0.0044574330068047,0.0629027101074066,0.0571790917517075,-0.0008491699663039,-0.5186485025277733,14.977227588548669,-1.8152697588472064,-0.4958352701505555
Dividend_Yield,0.0021841419912872,0.3061400542897296,0.3005439510614006,0.1504182552363329,0.0050352726886062,0.1096173532701892,0.0571790917517075,-5.76487519508847e-05,-0.0283060543995333,12.353191676640735,-0.0990711903983666,0.8356320241017177
RnD_To_Assets,0.0010258301764524,0.3014242312680256,0.3005439510614006,-0.2001279797729518,0.0098957984918105,0.0458216487384304,0.057179089988119,0.0022972008004181,0.6091894867647704,13.586146450167847,2.1321632036766967,0.3982799940377551
Number_Of_Earnings_Increase,0.0001941553935951,0.3017383467264287,0.3005439510614006,-0.0044207969104569,,,0.0571790917517075,,,,,0.2446628681258868
PPE_Inventory_Change,-0.0032156143104227,0.3021675001170738,0.3005439510614006,-0.2320597726366313,0.0034797574344764,0.0571344196751301,0.0571790917517075,-0.000309377079211,-0.2287638560405604,13.38557972017157,-0.8006734961419617,-2.1143536546788164
Assets_To_Employees,0.0002363710949308,0.3027000621565169,0.3005439510614006,-0.3055878501242429,0.0052363968756111,0.0581805612555563,0.0571790917517075,-0.0003297491835466,-0.1804567172709502,17.77506514439616,-0.6315985104483258,0.1602499863470124
Cash_Productivity,-0.0011750770785903,0.3032737536229318,0.3005439510614006,0.0602173107715031,0.0041924592202765,0.0570850876048854,0.0571790917517075,-0.0002447017579531,-0.1519585392197599,13.78309878844753,-0.5318548872691597,-0.6291589226027746
Sales_To_Cash,0.0024167184628414,0.3083720846537144,0.3005439510614006,0.4484215253480301,0.0037485303205519,0.0607437409198921,0.0571790917517075,0.0001479629478384,0.1082721744921925,15.69897992253661,0.378952610722674,1.301828023222779
Net_Cashflow_To_Price,0.0007212265768122,0.3058843468378902,0.3005439510614006,0.0857408171285404,0.0054466293985923,0.0579196194680019,0.0571790917517075,0.0002635032093979,0.1291355412459251,14.632234065820011,0.4519743943607379,0.2574770702557766
EBITDA_To_EV,0.0060587990513199,0.3070739030068993,0.3005439510614006,0.1118902420639214,0.008719411896507,0.0624703246071983,0.0571790917517075,-9.888767086979104e-05,-0.0306009096833458,15.05723027966411,-0.1071031838917105,2.014402818720473
Stock_Repurchase,0.0025328015891264,0.3085456995320442,0.3005439510614006,0.1241324788386497,0.003542994517187,0.0572633269431,0.0571790917517075,0.0005614308397297,0.4077983703170313,13.252109781653465,1.4272942961096098,1.1372788164165015
Qraft_Mean_Reversion,-0.0002563482053308,0.3029744737764368,0.3005439510614006,-0.1138985462358457,0.0067334845187943,0.0594570355369909,0.057179089988119,-0.0012083803689896,-0.4118025872782511,10.588517578742955,-1.4413090554738788,-0.0811350647140115
Sector_Neutral_Momentum,0.0100246397207427,0.3013483693758207,0.3005439510614006,-0.2189742803827351,0.0098032567439813,0.0582867842275995,0.0571790917517075,0.0014770408496112,0.4023932223343025,14.439064642107134,1.4083762781700586,3.682339645105413
Common_Equity_Change,-0.0028439057966232,0.3005460389505612,0.3005439510614006,0.0088890537742763,0.004656784544673,0.0577637934947247,0.0571790917517075,-0.0013757088971427,-0.7167871669676772,11.42771957652892,-2.5087550843868702,-1.774113662896145
Ivolatility,-0.0059799838170924,0.3112198223325148,0.3005439510614006,-0.417696732955394,0.0112597335360548,0.0622945033493458,0.0571790917517075,-0.0014456325692548,-0.3147651424951522,12.046450050441086,-1.1016779987330332,-1.3023645418509249
ROIC,0.0037007049386271,0.3070707882853022,0.3005439510614006,0.2271177303375506,0.0066625925030578,0.0585792290170734,0.0571790917517075,2.918758892236069e-05,0.0104575770978383,11.52936167489339,0.0366015198424341,1.3607448292192033
HML,0.002374039754889,0.3014937788156724,0.3005439510614006,0.0373621316240785,0.0039480229582942,0.0568594730334655,0.0571790917517075,0.0007072627186046,0.4425172156300716,12.13209609839919,1.548810254705251,1.1885729559766345
Earnings_Volatility_3Y,-0.000290118360194,0.3036093619656214,0.3005439510614006,-0.0269178294083558,0.0047870026642858,0.0644799384299174,0.0571790917517075,2.5317366812163257e-05,0.0139195180453668,14.167160857477077,0.0487183131587841,-0.1764916465940235
Qraft_Momentum_12_Adjusted,0.0030760820385695,0.3015891745056154,0.3005439510614006,-0.0092276775695987,0.0081425897410835,0.0569130505740725,0.057179089988119,-0.0005128434440788,-0.1684534437910607,14.686965417944156,-0.5895870532687126,1.7092845820987876
Operating_Income_To_Sales,-0.002467345427858,0.3027303767790523,0.3005439510614006,0.0932458786788623,0.004271234428394,0.0871227648206588,0.0571790917517075,-0.0010498014971571,-0.7141648700778886,17.46855349216096,-2.4995770452726105,-1.49908766599685
Order_Backlog,-0.0005495035628854,0.3056348339659854,0.3005439510614006,0.3080573718451682,,,0.0571790917517075,,,,,-0.3911033748813547
Total_Accruals,-0.003755397596233,0.3015048950499394,0.3005439510614006,0.0516725366874085,0.0034301049491215,0.0557792002331871,0.0571790917517075,-0.0005800909015901,-0.4616480303998729,15.167166561165796,-1.6157681063995557,-1.5111950685016036
Working_Capital_To_Assets,-0.002280941629754,0.3050373137036465,0.3005439510614006,-0.3818296933630112,0.0059807391094453,0.0581467627179861,0.0571790917517075,0.0004084845250575,0.1777692270080852,13.76314572994056,0.6221922945282983,-1.0999457368563643
Debt_To_Assets,0.0011158752000348,0.3034624034191009,0.3005439510614006,0.1867650617433263,0.0058403553118083,0.0580604472650184,0.0571790917517075,0.0009091640689052,0.3908374778821166,12.586475858585011,1.3679311725874084,0.6386474356403218
Operating_Expenses_To_Assets,0.0006635391251924,0.3046858207070819,0.3005439510614006,0.0419288142288733,0.0047427005557118,0.0597545445234772,0.0571790917517075,0.0012848095674942,0.7139997975690723,13.548154435185314,2.498999291491753,0.4247289928317301
Sector_Neutral_Stability,0.006578853868377,0.3094626975374838,0.3005439510614006,0.384562561671224,0.0066175014045253,0.0600356962761276,0.0571790917517075,0.0017849355484496,0.7189372019141077,13.890622777544124,2.516280206699377,3.393736043375232
Net_Income_To_Employees,0.0017184885549477,0.3064440984982894,0.3005439510614006,0.2609151336916446,0.0045067222434165,0.0586112311732598,0.0571790917517075,0.0004339780233661,0.2415365070438256,12.663803953490069,0.8453777746533895,0.7176148151230617
Dollar_Trading_Volume_Growth_1Y,-0.0012696854636141,0.3051261223312564,0.3005439510614006,-0.1909465409482902,0.0068685460244023,0.0589869787738372,0.0571790917517075,-0.0003888491465237,-0.1244071490636521,9.93870753617057,-0.4354250217227827,-0.3479271399315331
Share_Turnover,-0.0044520508944045,0.3101752859932236,0.3005439510614006,-0.3761969451583008,0.0067368108234118,0.0593258733796316,0.0571790917517075,-3.2740861563885124e-05,-0.0107955145593563,10.131680080476254,-0.037784300957747,-1.50395772132423
Qraft_Volatility_3M,-0.0060634498884702,0.3102893930139757,0.3005439510614006,-0.4859799672935442,0.0072021557316305,0.0594384784776582,0.057179089988119,-0.0002581956650043,-0.0835413683030691,11.017248763647006,-0.2923947890607419,-1.976684861660273
Debt_To_Fixed_Assets,-0.0017069776545772,0.3027850293877904,0.3005439510614006,0.1151884359798263,0.0039228301489932,0.0620518750485658,0.0571790917517075,-0.0002382362892387,-0.1656691014602046,15.444787489069046,-0.5798418551107163,-1.0986462958206231
ROE,0.0023348406973051,0.3046860948711021,0.3005439510614006,0.0690022796597422,0.0059016838485937,0.0576964318486686,0.057179089988119,-7.958996259162872e-05,-0.0322887939317172,11.594245518243444,-0.1130107787610102,1.353759661366938
Asset_Tangibility,-0.0025225628227988,0.3079465120388684,0.3005439510614006,-0.5459477307635803,0.0043252672793697,0.057088758142129,0.0571790917517075,0.000604892539861,0.3706403458547011,14.209724097047086,1.2972412104914537,-1.394498577528661
Liabilities_To_Assets,0.0011158752000348,0.3034624034191009,0.3005439510614006,0.1867650617433263,0.0058403553118083,0.0580604472650184,0.0571790917517075,0.0009091640689052,0.3908374778821166,12.586475858585011,1.3679311725874084,0.6386474356403218
PEG,-0.0004373102230644,0.3017308509870094,0.3005439510614006,-0.0037480393118473,0.0025761874802302,0.1041124662261204,0.0571790917517075,0.0002699697797043,0.2895115829532896,15.875734802264672,1.0132905403365138,-0.2541193212233866
Illiquidity,0.0069765307148562,0.3073215060469285,0.3005439510614006,-0.0947378962813159,0.0072560075903388,0.058077096394866,0.0571790917517075,0.0023455214859831,0.8724497834140089,13.982914271885072,3.0535742419490317,2.7384144715824354
Net_Debt_To_Price,-0.0041701879717825,0.3037134139420777,0.3005439510614006,0.0882001639025555,0.0055881693659447,0.0559883405897367,0.0571790917517075,-0.000328139625778,-0.1411724359543029,11.668813873855294,-0.4941035258400602,-2.1267729675922253
Qraft_Return_On_Net_Operating_Assets,-0.0007692188132002,0.3092499550777841,0.3005439510614006,0.2157112389549824,0.0032490465135692,0.0573941058681012,0.057179089988119,7.409835464827046e-05,0.0579584926165155,13.085075664165435,0.2028547241578044,-0.3203549782470732
ETR_Signal,-0.0003715030610027,0.3003065886861232,0.3005439510614006,-2.8012057623934272e-05,0.0021712125782204,0.1082083116804814,0.0571790917517075,-4.23608401147928e-05,-0.0517680364191906,14.4417112127544,-0.1811881274671672,-0.2479266154107921
Convertible_Debt_To_Total_Debt,-0.0081174212789753,0.3024985148076517,0.3005439510614006,-0.1880815632990453,0.0089875752651333,0.0662504000084607,0.0571790917517075,0.000305720083165,0.0915248464719597,14.9387134607958,0.3203369626518592,-2.331233518056916
Long_Term_Debt_To_Net_Current_Assets,0.0026815015544493,0.3037305158566779,0.3005439510614006,0.2471043636487642,0.0041183653895169,0.0677371132280528,0.0571790917517075,-0.0002434985502312,-0.1691951490195794,17.706495567466987,-0.5921830215685279,1.1269994158374734
Capital_Expenditures_Growth_3Y,-0.0012700417406181,0.3014638219021535,0.3005439510614006,-0.0673834004099462,0.0034915526942567,0.0632245214945692,0.0571790917517075,-0.0009910585350401,-0.7789368281184943,14.768054852044214,-2.7262788984147304,-0.6870499430757001
EBITDA_Margin,0.0032106657352401,0.3057634301578252,0.3005439510614006,0.2749071283316882,0.0061406499330406,0.0613257255263899,0.0571790917517075,-0.0010090032984846,-0.4378944811339628,14.321972785786969,-1.5326306839688704,1.239268586041683
Sales_Growth_5Y,-0.0017904437040967,0.3041070154600263,0.3005439510614006,-0.1585483854990133,0.0046912675560696,0.0710219922685134,0.0571790917517075,-0.0005559653966025,-0.3204774155632018,14.980697474741843,-1.1216709544712065,-1.0529822548017542
Seasonality,0.0054136698134558,0.3008980113322177,0.3005439510614006,-0.0138508557824937,0.0039300857181562,0.1038791725541228,0.0571790917517075,0.0016158989410705,1.1638317313888056,14.848260235202495,4.07341105986082,2.27307730770903
Cash_To_Fixed_Assets,-0.0025763737239087,0.3017049349723414,0.3005439510614006,-0.1980528842126914,0.0045321407567312,0.0572215705339051,0.0571790917517075,0.0003814399751444,0.2307246661109646,15.602621234174606,0.8075363313883761,-1.476733483466162
Long_Term_Debt_Change,0.0004358845696937,0.3023239152081264,0.3005439510614006,-0.0232284152873708,0.0024863588176548,0.0573454900590607,0.0571790917517075,0.0005433378896969,0.5716354113794987,13.543135117227028,2.0007239398282457,0.3164621251133475
Qraft_Residual_Volatility_6_3,-0.0047651466879324,0.3108082033219982,0.3005439510614006,-0.4113740681409062,0.0056859387083772,0.0585745835155018,0.057179089988119,-0.0004375133941757,-0.1769026409465124,10.732203374798113,-0.6191592433127937,-1.5727097495530402
Qraft_Intangible_Assets_To_Assets,0.0040869484745872,0.3063575807197736,0.3005439510614006,-0.4644300919183217,0.0058023866917175,0.0686301502421864,0.057179089988119,0.0020650347824285,0.9242789371665254,12.739021623586863,3.234976280082839,1.9502648123480988
Depreciation_Ratio_Gross_Growth,-0.0022548221630146,0.303546410786854,0.3005439510614006,0.259186226935011,0.0025073445195139,0.0574795635107663,0.0571790917517075,-0.0003410314030099,-0.3788250082542335,16.12417870396771,-1.325887528889817,-1.4408329813557788
Net_Payout_Yield_Cashflow,0.0056445922055372,0.3052410812913135,0.3005439510614006,0.0051241847809923,0.0043532864553025,0.058462901398088,0.0571790917517075,0.0012235298941409,0.739119135805301,13.436846700219276,2.586916975318553,2.5914545399803783
Absolute_Accruals,-0.0018618449248658,0.3036487514371608,0.3005439510614006,-0.0641533357117969,0.0053437377528214,0.0622498863263169,0.0571790917517075,-0.0009620118922155,-0.4862239606443678,14.730483212994224,-1.7017838622552872,-0.8846960517894846
EV_To_Sales,-0.0029972978257892,0.3067798612742541,0.3005439510614006,-0.1379881071484803,0.0068120997139316,0.062821799367403,0.0571790917517075,-0.0009162837017759,-0.3675759771220894,15.336501687639872,-1.286515919927313,-1.4656391391138692
Gross_Profit_To_Assets,0.0020055557395659,0.3033936792985365,0.3005439510614006,0.0636904519612893,0.0060050929333342,0.0585292621423625,0.0571790917517075,0.0012283593987695,0.549040894194403,14.414462689696537,1.9216431296804104,1.18675717095693
Dollar_Trading_Volume_Volatility_5Y,-0.008647727347886,0.3062721140447025,0.3005439510614006,-0.1820548987645993,0.0099523223969676,0.0705924119897654,0.0571790917517075,-0.0038206405862653,-0.9794232259326232,12.179512434964558,-3.427981290764182,-6.661506945113369
RnD_Increase,-0.0013364010075139,0.3009975842116459,0.3005439510614006,-0.1422951580307861,,,0.0571790917517075,,,,,-0.5265466739451138
Sales_Growth_1Y,-0.0037293987183305,0.3002656728641482,0.3005439510614006,-0.0793097845870138,0.0042514327055981,0.0613665215702877,0.0571790917517075,-0.0008606610064998,-0.5328032601340804,13.786991564396107,-1.8648114104692808,-2.1497110604441554
Tax_to_Book_Income,3.1772616235557164e-05,0.3019128535115867,0.3005439510614006,0.1342932186749865,0.0026057844807938,0.0911416744510777,0.0571790917517075,0.000248457968626,0.2657179294763497,16.285921300513802,0.9300127531672244,0.0210967150508633
Preferred_Dividend_Coverage,-0.0025208170214567,0.3030920997908672,0.3005439510614006,0.1430802551542236,0.0064624957160036,0.054161121040797,0.0571790917517075,-0.0001507875387726,-0.0625013223506139,14.780111635039294,-0.2187546282271489,-0.3505068348972144
PSR,-0.0039384927500338,0.3037136702246312,0.3005439510614006,-0.1241323868198049,0.0070199507905865,0.0606362694847248,0.0571790917517075,-0.0005954831703736,-0.2330409987402309,15.689649872319684,-0.8156434955908084,-1.8823700336035416
ROA,0.0061387770378601,0.3087295439778491,0.3005439510614006,0.1884831325042852,0.0070869181397976,0.0591493885936912,0.0571790917517075,-0.0001355557370191,-0.0444228069434718,10.953726804041809,-0.1554798243021513,2.1314088247434246
COGS_To_Sales,0.0005241595773116,0.3013269744027553,0.3005439510614006,0.0406009657391393,0.0044529468956299,0.0609746231155522,0.0571790917517075,0.0001490904478776,0.0916901446269122,15.63688938355071,0.3209155061941929,0.3286242727677874
SGnA_Signal,-0.0005925627392521,0.301581838179741,0.3005439510614006,-0.1535132683942522,0.0030116933330102,0.0657232000810374,0.0571790917517075,-0.0002071966025359,-0.1857157562593332,15.021292542220245,-0.6500051469076662,-0.303319173477267
Composite_Equity_Issuance,-0.0044107477823883,0.3041594463770893,0.3005439510614006,-0.0463015771294837,0.0052455984216234,0.0674361715570439,0.0571790917517075,-0.0010706456577148,-0.5202532346973023,12.861913887880725,-1.8208863214405584,-2.352365899138491
EBIT_To_Invested_Capital,0.0014919171413633,0.3071577891355828,0.3005439510614006,0.2961627372097473,0.0061433924791081,0.0590479196787533,0.0571790917517075,-0.0008087255765374,-0.3222518406652438,12.005802951302355,-1.1278814423283536,0.475107422104195
Current_Ratio_Growth_3Y,0.0012660650117893,0.3008917976592489,0.3005439510614006,-0.091840778411787,0.0027705481853195,0.0631500146661561,0.0571790917517075,-0.0002318662058259,-0.2162693482373547,13.522108419579933,-0.7569427188307416,0.6313911176266163
Capital_Expenditures_Growth_2Y,-0.0026428634260715,0.3014535193883585,0.3005439510614006,-0.0292301280281771,0.0035323693661012,0.0616160991599377,0.0571790917517075,-0.0009081456455186,-0.7087164321502109,15.094059007751463,-2.4805075125257385,-1.4295842451942733
Percent_Accruals,-0.0003656688911222,0.3040506536517553,0.3005439510614006,-0.0236337340373168,0.0022769501824575,0.0577472053683269,0.0571790917517075,-0.0004304575807726,-0.5045039353461469,14.281127419756931,-1.7657637737115144,-0.212304732092408
PER,0.0006445358239902,0.3023603091882775,0.3005439510614006,-0.072031241230071,0.0044175443131696,0.091154831405819,0.0571790917517075,-5.353914576132856e-06,-0.003260999212552,14.9520595560291,-0.011413497243932,0.350292748605252
Net_Noncash_Working_Capital_Change,0.0032406672735661,0.3016086436293592,0.3005439510614006,0.1138256903604423,0.0032181610145801,0.0576933939948512,0.0571790917517075,-9.787539500123026e-05,-0.0838186489953007,15.90865662203074,-0.2933652714835525,1.517539469077953
Depreciation_Ratio_Gross,-0.0015173044841142,0.302711332460068,0.3005439510614006,0.0920030064369431,0.0029154057766238,0.0571942478318819,0.0571790917517075,-0.0003254775209867,-0.3016133139020709,14.963228102174792,-1.0556465986572483,-0.9248973083072412
Current_Operating_Liabilities_Change,-0.0010227813730848,0.3009177043585124,0.3005439510614006,-0.2062637009274031,0.0033913011541074,0.05763175094083,0.0571790917517075,0.0005371295906725,0.4115926561686331,13.538357839604044,1.440574296590216,-0.5753405868224918
Inventory_Change,-0.0017436903398144,0.3025117805017935,0.3005439510614006,-0.0536281928137783,0.0023322439255728,0.0569648875081224,0.0571790917517075,-0.000344848670473,-0.3872015271453942,13.801084876883555,-1.3552053450088797,-1.0934567283902146
Quality_Score_1,0.0006023551671655,0.3029170086736392,0.3005439510614006,-0.0376140652255224,0.0039156649342471,0.0695403330884255,0.057179089988119,0.0001945395632598,0.1255604257502077,12.915303649341306,0.439461490125727,0.4326325968034833
Net_Income_Growth_1Y,-0.0021887762745772,0.3036435298965589,0.3005439510614006,0.161451695574215,0.0029026171214839,0.057276837462712,0.0571790917517075,-0.0007001721755971,-0.6623759511936013,15.042211091056572,-2.3183158291776045,-1.295696923075227
AR_Signal,-0.0039030003794906,0.3024922786208842,0.3005439510614006,0.1286000786047806,0.0025394860980513,0.0645047167895171,0.0571790917517075,-0.0007112508181419,-0.7585853653893458,14.346311890030185,-2.655048778862711,-2.4999852984427813
Sales_To_Employees,0.0045220057294689,0.3021666693748358,0.3005439510614006,0.0574126960907803,0.0031714149505444,0.0618309557694229,0.0571790917517075,0.0010627589639588,0.9225569490587472,14.537368480233118,3.228949321705615,3.2320445739778627
Momentum_9M,0.0077926184396781,0.3014544492607473,0.3005439510614006,-0.1269098748371974,0.0089030224208462,0.0580956266918557,0.0571790917517075,0.0007813977199729,0.2316694767068208,14.190294035704516,0.8108431684738729,2.640900368624588
RMW,0.0064342400404801,0.3066328943129984,0.3005439510614006,0.213684774101174,0.0031674027044889,0.056858838893965,0.0571790917517075,0.0004397780704321,0.3543086740638749,13.058261258814165,1.2400803592235623,2.357435147480749
EBIT_To_EV,0.0042463815612328,0.3070754242686281,0.3005439510614006,0.1835320085235444,0.0088238460627962,0.0630866831193679,0.0571790917517075,-0.0002073923074181,-0.0621148874440288,14.301653729171395,-0.2174021060541009,1.412178940172876
Net_Operating_Assets_Change,-0.000469835038198,0.301199792776718,0.3005439510614006,-0.2225773006868966,0.0025576612146239,0.0583847418962493,0.0571790917517075,0.0006646598251651,0.6952205781564726,14.054380620376318,2.433272023547654,-0.3461461129303029
Qraft_Intangible_Assets_To_Market_Value,-3.3872322899058407e-05,0.3040400889636101,0.3005439510614006,-0.0057810148054981,0.0080684061290177,0.0650316982275111,0.057179089988119,0.0009333592173413,0.2574677595917394,10.11822746656259,0.9011371585710882,-0.0095693134965195
Liabilities_To_Price,2.48387250980703e-05,0.3030057317887397,0.3005439510614006,0.2010594633766788,0.0074545468831128,0.058065303827681,0.0571790917517075,0.0005382281258339,0.1768424596445278,12.090981018581674,0.6189486087558475,0.012384907261781
Momentum_3M,0.0081899065779845,0.3000639578967228,0.3005439510614006,-0.0891341367211984,0.006574141738708,0.0588723935792926,0.0571790917517075,0.0006066531515136,0.2439011784155229,14.227067802628593,0.8536541244543302,2.7212826975311746
Ads_To_Market,0.0036529244745704,0.3014215399911856,0.3005439510614006,0.074536289754945,0.0046847654088906,0.0535044730664893,0.0571790917517075,-0.0002562433429174,-0.1521910383910953,16.304147871868878,-0.5326686343688337,1.3241134588315957
Peter_Lynch_Growth_Score,0.0028454011032627,0.3057367056321476,0.3005439510614006,0.1748081213249433,0.0048782689371283,0.0576853018874764,0.0571790917517075,4.967529003945408e-06,0.0026538749222989,13.846426821674283,0.0092885622280462,1.3138616747665814
EBIT_Margin,0.0039772462471657,0.3066671098048122,0.3005439510614006,0.3026216747427404,0.0060487146866251,0.0612567926573623,0.0571790917517075,-0.0007545332137226,-0.3195734239681834,13.19770326401964,-1.118506983888642,1.482975816634534
Market_Value_Growth_1Y,0.0048615134843459,0.3006178639481459,0.3005439510614006,-0.2008492660049807,0.0089139392060173,0.0577882214325414,0.0571790917517075,-0.0022875164396089,-0.6952585840421615,14.48409485918414,-2.433405044147565,2.067888204959327
Qraft_GPA,0.0020610659208813,0.3034224854143895,0.3005439510614006,0.0638173527785868,0.0060036440056905,0.0585291576084478,0.057179089988119,0.0012281794640132,0.5490299303065526,14.41048762809094,1.921604756072934,1.226440880404571
Sales_Growth_Volatility_3Y,-0.0016363296759835,0.3057448209412736,0.3005439510614006,-0.2543682953330297,0.0044445250649045,0.0727724007734673,0.0571790917517075,-0.0007201080331067,-0.44045126035805,15.037927669705208,-1.541579411253175,-1.0956693118073844
Long_Term_Debt_To_Assets,0.0017648276664207,0.3049468573516426,0.3005439510614006,0.1973443791486284,0.0047089845909936,0.0670709884798478,0.0571790917517075,0.0001490088291509,0.0818587414422085,13.605125811609764,0.2865055950477298,1.1625782066167647
Debt_Adjusted_PSR,-0.0009486022444376,0.304540647616856,0.3005439510614006,0.1327475547820681,0.0053889958363266,0.0622220046915042,0.0571790917517075,-0.0004213735368609,-0.2061102056550835,14.159980359229372,-0.7213857197927925,-0.4647838027800525
Composite_Debt_Issuance,0.0020793826059875,0.301208123196954,0.3005439510614006,0.0384699887123749,0.0027495031908757,0.0785748904557485,0.0571790917517075,0.0003542945074462,0.3333154228436994,13.471002040385637,1.1666039799529482,1.3518097488206788
Return_On_Total_Capital,0.0067973131236856,0.3074515235880964,0.3005439510614006,0.1479232205017074,0.0086350079938592,0.0590786314512347,0.0571790917517075,-0.000210767927803,-0.0588422195688462,11.746127934122336,-0.2059477684909617,2.180984600941473
Altman_Zscore,-0.00190538210891,0.3045555963097055,0.3005439510614006,-0.1822300801611281,0.0056032042017351,0.0568365132030083,0.0571790917517075,-3.074332105360185e-05,-0.0136284385222739,12.472048716275868,-0.0476995348279588,-0.69931987683104
Net_Income_Margin,0.0029758250069954,0.307473535544319,0.3005439510614006,0.2355525687065486,0.0057305705293375,0.0615426065022287,0.0571790917517075,-0.0002613147744572,-0.11183857008002,12.142453993831452,-0.3914349952800702,1.0905096251738653
Sales_To_Employees_Growth,-0.0032341593108326,0.3041759640646476,0.3005439510614006,-0.1364200388842919,0.0028963495838821,0.0632900523976161,0.0571790917517075,-0.0007184929471809,-0.6743057735998247,14.642453953270667,-2.360070207599386,-1.6455196512829668
Aiden_Mom_Growth,0.0040189619643454,0.3009463061589235,0.3005439510614006,-0.0316007336945243,0.0040914072365719,0.0668772982000163,0.0571790917517075,-1.471108898644456e-05,-0.0091251033513666,13.04998598596016,-0.0319378617297832,1.927666403203952
RnD_To_Sales,-0.0045437256968933,0.3012374382103402,0.3005439510614006,-0.1829645081196086,0.010486507564116,0.0516336502096359,0.0571790917517075,0.0008398088527441,0.2066875029062332,13.488277604869886,0.7234062601718165,-1.4756931174018428
Qraft_Revenue_Surprise,0.0004128023128222,0.3047149251059275,0.3005439510614006,-0.1908697111035483,0.0028385410101087,0.0724342365196229,0.057179089988119,0.0004658752228664,0.4305756584416829,13.812734628355177,1.5070148045458904,0.2035705398205939
Dollar_Trading_Volume_Volatility_3Y,-0.0078596205346296,0.3066816278425286,0.3005439510614006,-0.0400594817490696,0.010282042379197,0.0675190130449774,0.0571790917517075,-0.0042568075916648,-1.0512252481287263,11.93129053105914,-3.679288368450543,-5.789419282490872
Qraft_RnD_To_Sale,-0.0045430332652334,0.3012335759490346,0.3005439510614006,-0.1832110609806908,0.0104942315999388,0.0516406689694337,0.057179089988119,0.0008224099760235,0.2023969308091846,13.511476078847773,0.7083892578321461,-1.4747489310444908
Asset_Illiquidity_1,0.0002786254035926,0.3083360094831549,0.3005439510614006,0.5586527238482137,0.0052740560378167,0.0575627317707657,0.0571790917517075,-0.0008707663273215,-0.4243882430797894,13.201448932235126,-1.485358850779263,0.1540514847136093
Sector_Neutral_Value,0.0023554017679549,0.3061502285590121,0.3005439510614006,0.195779311204889,0.0074251268925988,0.0611283283002706,0.0571790917517075,0.000862942277307,0.3097482723011674,14.46191292270451,1.0841189530540862,1.0330882739294762
Capital_Expenditures_Growth_1Y,-0.0020490558279918,0.3025377739914781,0.3005439510614006,-0.2008118483758306,0.003115036922113,0.0586223651093005,0.0571790917517075,-0.0010194842124545,-0.900805573504679,14.584326642455736,-3.152819507266377,-1.0382550630642011
Sales_To_Inventory_Growth,-0.003437575848617,0.3022987226476168,0.3005439510614006,0.1195828780043495,0.0028482135349705,0.0649354898502839,0.0571790917517075,-0.0005535899613197,-0.523479608477039,14.574136652917453,-1.8321786296696363,-2.001828296298773
Asset_Illiquidity_3,-0.0002718652922771,0.3042924903258888,0.3005439510614006,0.4034104149218833,0.0054990823158617,0.0579322138159271,0.0571790917517075,-0.0006906094130897,-0.3214512738512473,13.170928336747382,-1.1250794584793655,-0.1297189202338561
Long_Term_Debt_To_Common_Equity,0.0010438275109757,0.3025008087555438,0.3005439510614006,0.0821233953279567,0.004327491721129,0.0674631936101933,0.0571790917517075,0.0004914369612714,0.2917115174694599,13.296228464632556,1.0209903111431098,0.6423972759864435
Market_Beta,-0.0011220681128672,0.30422385789076,0.3005439510614006,-0.0202980866708314,0.0072596009144193,0.0582060893983659,0.0571790917517075,0.0006164501987512,0.2014677356924651,11.360570527629331,0.7051370749236281,-0.4564329399162362
Advertising_Expense_Growth,0.0052031618270978,0.3019867090599541,0.3005439510614006,-0.1358382825787957,0.003873059588513,0.0558339495141127,0.0571790917517075,-0.0005670979295637,-0.3880314250586087,14.189538014650838,-1.3581099877051308,1.9773057321919651
Current_Ratio,-0.0024494456837415,0.3028289462439361,0.3005439510614006,-0.2240524863660322,0.0045611001189331,0.0578641158275665,0.0571790917517075,1.4033911752722056e-05,0.007977854187501,13.684647124261286,0.0279224896562536,-1.2249945393948756
Aiden_Alpha_2,0.0050173474050747,0.3017492911315642,0.3005439510614006,-0.0782989940620068,0.0057320610768306,0.0700583573825013,0.0571790917517075,0.001314275799584,0.6335597920415342,15.34571934162973,2.2174592721453696,2.175780970196815
INV_Signal,-0.0020983787248845,0.3016446506784827,0.3005439510614006,-0.1769262002622778,0.0027114785535898,0.0665210155143391,0.0571790917517075,-0.0001496271725792,-0.1475784952705661,14.69366694142093,-0.5165247334469814,-1.2191093057685958
Number_Of_Employees,0.0033844133121473,0.3104180577535156,0.3005439510614006,0.0080706480359374,0.0053885988115129,0.057659098717504,0.0571790917517075,-0.0002533374788149,-0.1248555739981741,14.453903960496422,-0.4369945089936095,1.2569447566455407
Sales_To_Assets_Growth_1Y,-0.0030025896075962,0.3006465214455754,0.3005439510614006,0.0767437091921046,0.0036906609833131,0.0613455658099211,0.0571790917517075,-0.0007742223751667,-0.5558168273103667,13.968406709281629,-1.945358895586284,-1.7944171850501605
Return_Volatility_12M,-0.0053085562749747,0.3083380332065449,0.3005439510614006,-0.3937691544602827,0.0121070030315419,0.062982667532336,0.0571790917517075,-0.0015072667821765,-0.3199221348972498,13.286726803738633,-1.1197274721403745,-1.6335949831755463
Sales_To_Working_Capital,0.0031721391566078,0.3030622609320517,0.3005439510614006,0.1685496297028513,0.0036052138193109,0.0612497501971569,0.0571790917517075,0.0002721906662364,0.2042818997551755,15.09890920081998,0.7149866491431145,1.0424957463380544
XSGA_To_Sales,-0.0023241240721215,0.3054657322186491,0.3005439510614006,-0.2076019888450747,0.0071276369840806,0.064456700840188,0.0571790917517075,0.000710895343222,0.2690845955885616,14.940133007828525,0.9417960845599658,-1.0401790142855498
Inventory_Growth,0.0006269629185246,0.3028457082256599,0.3005439510614006,-0.1927041449464893,0.0031608833177538,0.0641241881376301,0.0571790917517075,-0.0001477067990661,-0.1206151827816083,13.526886658790511,-0.422153139735629,0.3406451893292361
Aiden_Alpha_1,0.0053777682904217,0.303011774742793,0.3005439510614006,-0.0112310612020124,0.0062701506799886,0.0759566230516403,0.0571790917517075,0.0022737991254448,1.014424367020902,14.86751187826877,3.550485284573157,2.2728916280957367
Momentum_1Y,0.0067722482904175,0.3019061775008299,0.3005439510614006,-0.0677120414084445,0.0044329986185783,0.0568619572965884,0.057179089988119,0.0013889962495692,0.8561616246602268,14.435788569032944,2.996565686310793,2.6523452566026746
Net_Payout_Yield_Treasury,0.0063129717066198,0.3028525887497205,0.3005439510614006,-0.0441822765052456,0.0037417947975735,0.0576540593752529,0.0571790917517075,0.0010025774984792,0.6889687610482168,12.875576723795918,2.411390663668759,3.363006247171703
Sales_To_Assets,0.0024565735440566,0.3074041980084215,0.3005439510614006,0.1102390634338771,0.0049036184811231,0.0613052252623746,0.0571790917517075,0.0011679363713456,0.6298034574652662,13.790489105575348,2.204312101128432,1.3236996606337266
Net_Financial_Assets_Change,-7.785530225005782e-05,0.3039190491004914,0.3005439510614006,-0.0970192922563531,0.0027937747220085,0.0555068130775227,0.0571790917517075,-6.31782507548057e-05,-0.0594233499336222,14.109635529405017,-0.2079817247676777,-0.0494571656631673
Net_Income_Growth_5Y,0.0015989797861508,0.303772379598782,0.3005439510614006,0.0103628399484016,0.003185012131366,0.067417038623466,0.0571790917517075,0.0001003059332375,0.0816626461212392,13.678306686175976,0.2858192614243373,0.8691992123669551
Net_Operating_Assets_Turnover,0.0049273417186182,0.3030542461484957,0.3005439510614006,-0.0084865880457253,0.0037501719512843,0.0612269071684858,0.0571790917517075,0.0014984203438362,1.1289941230266276,14.894045076494852,3.951479430593196,3.168460790613069
Sales_To_Price,0.0030095276845872,0.3035976767801839,0.3005439510614006,0.1234085097512828,0.0060783562914379,0.0612504222004514,0.0571790917517075,0.0011658942138341,0.5314724788266866,15.6548834116776,1.8601536758934032,1.4518831226117863
Secured_Debt_To_Total_Debt,-0.0015616441670054,0.3012115720588404,0.3005439510614006,-0.1449822367667428,0.0029101624612915,0.0617496409602568,0.0571790917517075,-0.0001728578202502,-0.1542192937958642,13.696204411762306,-0.5397675282855248,-1.033255856590242
Total_Assets,0.0062202460581502,0.3069095206011256,0.3005439510614006,0.1643524031529618,0.0061732802849133,0.0569669278402932,0.0571790917517075,-9.70595550794422e-06,-0.0039867856998781,13.026429417220038,-0.0139537499495734,2.0291943146793487
Ads_To_Assets,0.0023970158366492,0.300396982036324,0.3005439510614006,0.1106789502066006,0.0041120318132491,0.0534768316437479,0.0571790917517075,0.0001081885212417,0.0714600505926464,15.307121731474313,0.2501101770742627,0.8139777029299431
Qraft_RnD_Capital_To_Assets,0.0022009607356813,0.3011153902339239,0.3005439510614006,-0.1603535476636752,0.0088295856560481,0.0513872924052769,0.057179089988119,0.0018867635487326,0.5690040006923182,14.112699358371458,1.9915140024231135,0.697911190861162
Payout_Yield_Treasury,0.0025262284176154,0.3044862782731332,0.3005439510614006,0.0778827197957671,0.0033678554110111,0.0566928069785858,0.0571790917517075,0.0003084677540913,0.238993196618728,13.80924450164283,0.8364761881655479,1.6254931468738465
Financial_Liabilities_Change,0.0004315216781935,0.3043483156626329,0.3005439510614006,0.0062807020855867,0.0028521864688725,0.0575456750512975,0.0571790917517075,0.000496687815264,0.4446973017556236,12.994798228112009,1.5564405561446828,0.2872916423340056
Short_Term_Investments_Change,0.0003322170721279,0.3035854835062121,0.3005439510614006,-0.2804540473726494,0.0018166057181621,0.056639797904439,0.0571790917517075,0.000231113946076,0.35788135310196,16.61250229115742,1.2525847358568598,0.2125970335616732
EBITDA_To_Debt,0.005696106555277,0.306413795355076,0.3005439510614006,0.0991231758543162,0.0062303517169721,0.0593206487627275,0.0571790917517075,-3.68815161883343e-05,-0.0144513675920648,12.043013972437253,-0.0505797865722269,2.0297431885233213
Sales_To_Assets_Growth_5Y,-0.0011411829367683,0.301348943132752,0.3005439510614006,0.0106620144138525,0.0033594127254333,0.0706507901786094,0.0571790917517075,-0.0002392268462509,-0.1950022904742274,15.583192257225551,-0.682508016659796,-0.6624990792540311
Qraft_Standardized_Unexpected_Earnings,-5.063071518342254e-05,0.3047345710869538,0.3005439510614006,-0.2751559620656309,0.0021229296111282,0.0618428082839066,0.057179089988119,-2.6104338140446845e-05,-0.0300491412099685,12.066730514929136,-0.10517199423489,-0.0356181536023281
